{
  "emps": [
    {
      "eid": 102,
      "ename": "Ravi",
      "job": "Supervisor",
      "sal": 40000,
      "deptno": 28
    },
    {
      "eid": 103,
      "ename": "Nikhil",
      "job": "Engineer",
      "sal": 50000,
      "deptno": 25
    },
    {
      "eid": 104,
      "ename": "Suraj",
      "job": "Executive",
      "sal": "45000",
      "deptno": "20"
    },
    {
      "eid": "105",
      "ename": "Amol",
      "job": "Manager",
      "sal": "70000",
      "deptno": "27"
    }
  ]
}